name,gRNA_seq,BE-Hive_input_seq,annotation_str,predicted_freq
ABE_CONTROL_1_pos,CCCTACGCGGTAGGGAACT,CGGTGCTTTTTTTGTCCAAGCCCTACGCGGTAGGGAACTTTGGGAGTAAA,ABE_CONTROL_1_pos_5:A>G,0.8690106868743896
ABE_CONTROL_10_pos,TACTGAAGGTGTCTGGCAGA,TCGGTGCTTTTTTTGCTTCGTACTGAAGGTGTCTGGCAGAGCGAGGTGGT,ABE_CONTROL_10_pos_6:A>G,0.3578924238681793
ABE_CONTROL_11_pos,GTGGAAATCGACTGTGCGC,CGGTGCTTTTTTTAACAGAGGTGGAAATCGACTGTGCGCTTCCATCGTCA,"ABE_CONTROL_11_pos_5:A>G,6:A>G,7:A>G",0.22083377838134766
ABE_CONTROL_12_pos,CTGTAGATATAGGGTGTCT,CGGTGCTTTTTTTTCACCTGCTGTAGATATAGGGTGTCTACCCCGCGATA,ABE_CONTROL_12_pos_9:A>G,0.22247308492660522
ABE_CONTROL_13_pos,ATCGCAGTACGTATAGACTT,TCGGTGCTTTTTTTGCAAGTATCGCAGTACGTATAGACTTAAAAGGCGGG,ABE_CONTROL_13_pos_6:A>G,0.3055802583694458
ABE_CONTROL_14_pos,CTCACATGGGGTACAGCACA,TCGGTGCTTTTTTTATGATGCTCACATGGGGTACAGCACACCGACTCTTA,ABE_CONTROL_14_pos_6:A>G,0.40597477555274963
ABE_CONTROL_15_pos,ACAAAACAGGACGATGTGCG,TCGGTGCTTTTTTTACAAAAACAAAACAGGACGATGTGCGGCGCTATTCC,ABE_CONTROL_15_pos_6:A>G,0.282146692276001
ABE_CONTROL_16_pos,TCCGCAGGCTAGATGACACC,TCGGTGCTTTTTTTTTCTAGTCCGCAGGCTAGATGACACCAGGGCAACAC,ABE_CONTROL_16_pos_6:A>G,0.8499681353569031
ABE_CONTROL_17_pos,CCTAAACAAAAAGGAAATAG,TCGGTGCTTTTTTTCGTCATCCTAAACAAAAAGGAAATAGTTGCGTTAAC,ABE_CONTROL_17_pos_8:A>G,0.24140064418315887
ABE_CONTROL_18_pos,TAGGACTAGTGTCGCACTC,CGGTGCTTTTTTTATTCGGGTAGGACTAGTGTCGCACTCAGAGGTGATAA,ABE_CONTROL_18_pos_5:A>G,0.3889923393726349
ABE_CONTROL_19_pos,CTGGAGAAACGAGGTGTAA,CGGTGCTTTTTTTTAAGATGCTGGAGAAACGAGGTGTAATACTTAGAAGA,ABE_CONTROL_19_pos_5:A>G,0.26658377051353455
ABE_CONTROL_2_pos,TCAAAAGTCTCGCTTGGTC,CGGTGCTTTTTTTCGAGAAGTCAAAAGTCTCGCTTGGTCCTGTACCAGAA,ABE_CONTROL_2_pos_6:A>G,0.3829681873321533
ABE_CONTROL_20_pos,AGACGACATATTTCTGGCTC,TCGGTGCTTTTTTTGGTAATAGACGACATATTTCTGGCTCTAGGACCCCC,ABE_CONTROL_20_pos_6:A>G,0.40511199831962585
ABE_CONTROL_3_pos,AGCTTAGCTGACCGACAAGG,TCGGTGCTTTTTTTCGCGAAAGCTTAGCTGACCGACAAGGTGACCATTGT,ABE_CONTROL_3_pos_6:A>G,0.920256495475769
ABE_CONTROL_4_pos,ATCCCAATGGCTTCTGCGTG,TCGGTGCTTTTTTTGTAGAAATCCCAATGGCTTCTGCGTGACCCATATGT,ABE_CONTROL_4_pos_7:A>G,0.3673209249973297
ABE_CONTROL_41_pos,TACGGATCACCAAATCTTAG,TCGGTGCTTTTTTTTTTATATACGGATCACCAAATCTTAGGGTCGCGGGC,ABE_CONTROL_41_pos_6:A>G,0.5486280918121338
ABE_CONTROL_42_pos,GATTAATTCGCTAAATGAT,CGGTGCTTTTTTTTATTTTGGATTAATTCGCTAAATGATAAAAATATGGA,ABE_CONTROL_42_pos_5:A>G,0.47232574224472046
ABE_CONTROL_43_pos,CAAATACAATTACTTATAGC,TCGGTGCTTTTTTTACCACGCAAATACAATTACTTATAGCGAGGTGGACA,ABE_CONTROL_43_pos_6:A>G,0.49416664242744446
ABE_CONTROL_44_pos,TGTAAATCTGTCCAAGTAG,CGGTGCTTTTTTTAACGTCGTGTAAATCTGTCCAAGTAGGGGAGCGCAAA,ABE_CONTROL_44_pos_6:A>G,0.2799578011035919
ABE_CONTROL_45_pos,CAAACAGTCTAAGGCGACGA,TCGGTGCTTTTTTTAGAATTCAAACAGTCTAAGGCGACGAGTTACTCGCA,ABE_CONTROL_45_pos_6:A>G,0.6057054400444031
ABE_CONTROL_46_pos,ACGTAGCCTTCCGAAATAT,CGGTGCTTTTTTTAGAGTGGACGTAGCCTTCCGAAATATATAGTAGCCTA,ABE_CONTROL_46_pos_5:A>G,0.949834406375885
ABE_CONTROL_47_pos,CGACAACGTGCAGGTGTATC,TCGGTGCTTTTTTTATCCTTCGACAACGTGCAGGTGTATCTGGTTTCCTC,ABE_CONTROL_47_pos_6:A>G,0.4226996600627899
ABE_CONTROL_48_pos,ACTAGAGTCATGATCAGCGA,TCGGTGCTTTTTTTCGTGCGACTAGAGTCATGATCAGCGATTACCCCAAA,ABE_CONTROL_48_pos_4:A>G,0.28974974155426025
ABE_CONTROL_49_pos,TACCATACCGCGTACCCTT,CGGTGCTTTTTTTTCAAAGGTACCATACCGCGTACCCTTCTTATTACTCA,ABE_CONTROL_49_pos_7:A>G,0.3545583188533783
ABE_CONTROL_5_pos,CATACATGGTATAGTGTTTA,TCGGTGCTTTTTTTGCCGCTCATACATGGTATAGTGTTTATTTTGAACCT,"ABE_CONTROL_5_pos_4:A>G,6:A>G",0.28626227378845215
ABE_CONTROL_50_pos,AGGGAAACCTCTATGGGTAA,TCGGTGCTTTTTTTATGTGAAGGGAAACCTCTATGGGTAATTGCGAAGGG,ABE_CONTROL_50_pos_7:A>G,0.2776270806789398
ABE_CONTROL_51_pos,GGGAAACAAGTAGGCTTTG,CGGTGCTTTTTTTCGTGGGGGGGAAACAAGTAGGCTTTGACGTGTCTCCA,ABE_CONTROL_51_pos_6:A>G,0.20638400316238403
ABE_CONTROL_52_pos,ACGTCAACTGCTGGAGTGGG,TCGGTGCTTTTTTTATTGTAACGTCAACTGCTGGAGTGGGAATAGCCCAA,ABE_CONTROL_52_pos_7:A>G,0.4125806391239166
ABE_CONTROL_53_pos,ACAAAATGCCGTGCGTCAAT,TCGGTGCTTTTTTTTTCCTTACAAAATGCCGTGCGTCAATCTGCGTACCA,ABE_CONTROL_53_pos_6:A>G,0.3641984164714813
ABE_CONTROL_54_pos,CACTTACACATGAGGCGGTA,TCGGTGCTTTTTTTTCTTCGCACTTACACATGAGGCGGTACCCGGTCCTA,ABE_CONTROL_54_pos_6:A>G,0.4946051836013794
ABE_CONTROL_55_pos,ATAGCAGGACGAGGTTCCTT,TCGGTGCTTTTTTTTCCCGTATAGCAGGACGAGGTTCCTTGCCAGGTGCC,ABE_CONTROL_55_pos_6:A>G,0.4505787193775177
ABE_CONTROL_56_pos,AAAACATCGACCGAAAGCGT,TCGGTGCTTTTTTTTTTAAAAAAACATCGACCGAAAGCGTACAGTCCTGA,ABE_CONTROL_56_pos_6:A>G,0.4158424735069275
ABE_CONTROL_57_pos,TGTGCACAAGTCGCAACGAA,TCGGTGCTTTTTTTATTTATTGTGCACAAGTCGCAACGAAATTAATATTT,ABE_CONTROL_57_pos_6:A>G,0.7132518291473389
ABE_CONTROL_58_pos,ATCCAGGAGTGATCGAGTA,CGGTGCTTTTTTTATGCGAGATCCAGGAGTGATCGAGTACGCAGTAACGA,ABE_CONTROL_58_pos_5:A>G,0.5691862106323242
ABE_CONTROL_59_pos,TGGAAATCGACTGTGCGCTT,TCGGTGCTTTTTTTAATCGGTGGAAATCGACTGTGCGCTTTTAAATATAG,ABE_CONTROL_59_pos_6:A>G,0.22940151393413544
ABE_CONTROL_6_pos,TCTAGACAACCGCGGAGAAT,TCGGTGCTTTTTTTCTACGATCTAGACAACCGCGGAGAATGCAGGTGCTA,ABE_CONTROL_6_pos_6:A>G,0.32444068789482117
ABE_CONTROL_60_pos,TTCGTAGGAACTAAACTGTA,TCGGTGCTTTTTTTACATGGTTCGTAGGAACTAAACTGTACACACCATAT,ABE_CONTROL_60_pos_6:A>G,0.6568328738212585
ABE_CONTROL_61_pos,ATTCATACTAAACACTCTA,CGGTGCTTTTTTTTAGCGGGATTCATACTAAACACTCTATGGAAAAAAAA,ABE_CONTROL_61_pos_7:A>G,0.322499543428421
ABE_CONTROL_62_pos,AGGTCAAGCCGACCTCGAAC,TCGGTGCTTTTTTTCAGATTAGGTCAAGCCGACCTCGAACGGTCCAAGAG,ABE_CONTROL_62_pos_6:A>G,0.3462664783000946
ABE_CONTROL_63_pos,AAATAATATGCATCTCTCGA,TCGGTGCTTTTTTTCCCAACAAATAATATGCATCTCTCGAACTCCGAATA,ABE_CONTROL_63_pos_5:A>G,0.31490910053253174
ABE_CONTROL_64_pos,TCCGGAGGCTCAAACCAAGT,TCGGTGCTTTTTTTCAGTTATCCGGAGGCTCAAACCAAGTGGGTTTCCAG,ABE_CONTROL_64_pos_6:A>G,0.8924238085746765
ABE_CONTROL_65_pos,AGCTTAATGTGCAGGTCAGA,TCGGTGCTTTTTTTTACGGGAGCTTAATGTGCAGGTCAGATCCACAGAAC,ABE_CONTROL_65_pos_6:A>G,0.614467978477478
ABE_CONTROL_66_pos,TCGCAAGGAAGCCAGCTAAG,TCGGTGCTTTTTTTCCCATATCGCAAGGAAGCCAGCTAAGCCGCACCGTG,ABE_CONTROL_66_pos_6:A>G,0.3195870518684387
ABE_CONTROL_67_pos,AGAAGAAAAAAATGTCTACG,TCGGTGCTTTTTTTCATTCTAGAAGAAAAAAATGTCTACGTCCAATATCA,ABE_CONTROL_67_pos_6:A>G,0.29237279295921326
ABE_CONTROL_68_pos,TACTAACGCCGCTCCTACAG,TCGGTGCTTTTTTTATCGCTTACTAACGCCGCTCCTACAGAGTCCGCAAG,ABE_CONTROL_68_pos_5:A>G,0.3749806582927704
ABE_CONTROL_69_pos,ATCCTAGGTACAAAAGGACG,TCGGTGCTTTTTTTCTTGGCATCCTAGGTACAAAAGGACGAGGTACTTCA,ABE_CONTROL_69_pos_10:A>G,0.42961758375167847
ABE_CONTROL_7_pos,TCCTCATGAGTCGTTTCTTT,TCGGTGCTTTTTTTTAGTCCTCCTCATGAGTCGTTTCTTTCAATCGTCCC,ABE_CONTROL_7_pos_6:A>G,0.9321563243865967
ABE_CONTROL_70_pos,CCACGATGCCACCTCATCCC,TCGGTGCTTTTTTTATAGGTCCACGATGCCACCTCATCCCAACTCCGGCC,ABE_CONTROL_70_pos_6:A>G,0.6381095051765442
ABE_CONTROL_71_pos,TCGAGATGCGCAGCAGATGA,TCGGTGCTTTTTTTATCTTATCGAGATGCGCAGCAGATGATCCTTGGGAC,ABE_CONTROL_71_pos_6:A>G,0.6371883153915405
ABE_CONTROL_72_pos,AGCTGAAAATATACGTATTC,TCGGTGCTTTTTTTTAACGGAGCTGAAAATATACGTATTCAACGGAAGCG,ABE_CONTROL_72_pos_6:A>G,0.3006038963794708
ABE_CONTROL_73_pos,GGGCAGGGACCGAGTATCC,CGGTGCTTTTTTTATGACCGGGGCAGGGACCGAGTATCCATTGCCCACGA,ABE_CONTROL_73_pos_5:A>G,0.6007062792778015
ABE_CONTROL_74_pos,CTGAACGCCGACAGGACGG,CGGTGCTTTTTTTTAATTTGCTGAACGCCGACAGGACGGTAAGTGGGTTA,ABE_CONTROL_74_pos_5:A>G,0.36270588636398315
ABE_CONTROL_75_pos,CCTCGATGGTCACCTGTAGC,TCGGTGCTTTTTTTAGATTGCCTCGATGGTCACCTGTAGCAAAGCGCATA,ABE_CONTROL_75_pos_6:A>G,0.9566243290901184
ABE_CONTROL_76_pos,TGGGGACGTTTATCAATATA,TCGGTGCTTTTTTTAGAGCGTGGGGACGTTTATCAATATATTCGTGGACG,ABE_CONTROL_76_pos_6:A>G,0.7628881335258484
ABE_CONTROL_77_pos,AAAACAGGACGATGTGCGGC,TCGGTGCTTTTTTTCCGCTCAAAACAGGACGATGTGCGGCTAAAAAAGTG,ABE_CONTROL_77_pos_6:A>G,0.5765257477760315
ABE_CONTROL_78_pos,CTCGCACCATTGAGGGTAGT,TCGGTGCTTTTTTTCTACCTCTCGCACCATTGAGGGTAGTAATTTGAAGC,ABE_CONTROL_78_pos_6:A>G,0.8048529624938965
ABE_CONTROL_79_pos,CACAAAACCAGCAATGGTC,CGGTGCTTTTTTTTCCAGAGCACAAAACCAGCAATGGTCGCGTCAGATTA,ABE_CONTROL_79_pos_10:A>G,0.15816040337085724
ABE_CONTROL_8_pos,AAAAATTATCGGAAACGGT,CGGTGCTTTTTTTTGGCTCGAAAAATTATCGGAAACGGTAGAATCTCACA,ABE_CONTROL_8_pos_8:A>G,0.28915297985076904
ABE_CONTROL_80_pos,TTGCAAAGCTGATCGGCTGT,TCGGTGCTTTTTTTGGGATGTTGCAAAGCTGATCGGCTGTAGAGGATGTC,ABE_CONTROL_80_pos_7:A>G,0.347711980342865
ABE_CONTROL_81_pos,TCTAAAGCCGTCCTGATGTT,TCGGTGCTTTTTTTACACTATCTAAAGCCGTCCTGATGTTCAAGAGTTCT,ABE_CONTROL_81_pos_4:A>G,0.31686046719551086
ABE_CONTROL_82_pos,CGGCCAAAGAATTAGAAGTT,TCGGTGCTTTTTTTTGTAACCGGCCAAAGAATTAGAAGTTAAGTCATAGG,ABE_CONTROL_82_pos_6:A>G,0.3881321847438812
ABE_CONTROL_83_pos,AGCGCAGATAGCGCGTATCA,TCGGTGCTTTTTTTTCTTTTAGCGCAGATAGCGCGTATCAACAAGTCGAC,ABE_CONTROL_83_pos_6:A>G,0.3538026511669159
ABE_CONTROL_84_pos,ATCTAGTCCTCTAATCGAT,CGGTGCTTTTTTTGGCAGTGATCTAGTCCTCTAATCGATCTGCGGAGACA,ABE_CONTROL_84_pos_5:A>G,0.8472372889518738
ABE_CONTROL_85_pos,AGTTGAATGGACCTCGACTA,TCGGTGCTTTTTTTTAATCAAGTTGAATGGACCTCGACTAACCCTAGAGA,"ABE_CONTROL_85_pos_6:A>G,7:A>G",0.3481004238128662
ABE_CONTROL_86_pos,CGCTAAATTGTCACACGTTT,TCGGTGCTTTTTTTAGCGGTCGCTAAATTGTCACACGTTTGGTCTTGCGT,ABE_CONTROL_86_pos_5:A>G,0.2850661873817444
ABE_CONTROL_87_pos,CTTAACCTATCCGCCAGTA,CGGTGCTTTTTTTTCTACAGCTTAACCTATCCGCCAGTACCTCTAGATGA,ABE_CONTROL_87_pos_9:A>G,0.495964914560318
ABE_CONTROL_88_pos,TAGTCAACATTCGCAAGAGG,TCGGTGCTTTTTTTAATTGGTAGTCAACATTCGCAAGAGGTCGTGCCATC,ABE_CONTROL_88_pos_6:A>G,0.277008980512619
ABE_CONTROL_89_pos,CCCTCAGGAGCTACTAAGGT,TCGGTGCTTTTTTTGAGGATCCCTCAGGAGCTACTAAGGTAGCGCCCTTC,ABE_CONTROL_89_pos_6:A>G,0.8647181391716003
ABE_CONTROL_9_pos,ATAGCATTCTCACCAAGACC,TCGGTGCTTTTTTTGCTAAGATAGCATTCTCACCAAGACCGAATGCACCG,ABE_CONTROL_9_pos_6:A>G,0.5884166359901428
ABE_CONTROL_90_pos,AGGTATGTCATCGCCATGA,CGGTGCTTTTTTTGAAACTGAGGTATGTCATCGCCATGACCTACTGGTGA,ABE_CONTROL_90_pos_5:A>G,0.8011623620986938
ABE_CONTROL_91_pos,ATAGTAACGTCAGGGAGTAA,TCGGTGCTTTTTTTGTCCAGATAGTAACGTCAGGGAGTAAGCCCCTTTTC,ABE_CONTROL_91_pos_6:A>G,0.3930056393146515
ABE_CONTROL_92_pos,CGTCGAGTGCTCGAACTCCA,TCGGTGCTTTTTTTCGGCGTCGTCGAGTGCTCGAACTCCATCGTTCGTCT,ABE_CONTROL_92_pos_6:A>G,0.937635064125061
ABE_CONTROL_93_pos,TTCCTAGAGTTGGCAGACGC,TCGGTGCTTTTTTTTATCGCTTCCTAGAGTTGGCAGACGCTGACGTGAGG,ABE_CONTROL_93_pos_6:A>G,0.7858762145042419
ABE_CONTROL_94_pos,GTAGACGGGGCATCTCAGC,CGGTGCTTTTTTTAAGCCTGGTAGACGGGGCATCTCAGCGAGGGGCAGTA,ABE_CONTROL_94_pos_5:A>G,0.7063286900520325
ABE_CONTROL_95_pos,CCTAAACTCAGACGCACTAC,TCGGTGCTTTTTTTTACATTCCTAAACTCAGACGCACTACTCACGCTCGC,ABE_CONTROL_95_pos_6:A>G,0.23121462762355804
CBE_CONTROL_100_pos,CCGCCGATTTCATAAGTAA,CGGTGCTTTTTTTCTCCGTGCCGCCGATTTCATAAGTAACGGACGGCACA,CBE_CONTROL_100_pos_7:A>G,0.9409852623939514
CBE_CONTROL_101_pos,ATGGCGCTTCAGTCGTCGG,CGGTGCTTTTTTTTGCGTCGATGGCGCTTCAGTCGTCGGCACATCTTGCA,CBE_CONTROL_101_pos_11:A>G,0.6658017635345459
CBE_CONTROL_102_pos,CGGGCCTATAACACCATCGA,TCGGTGCTTTTTTTGCAATCCGGGCCTATAACACCATCGAATAGCCGCGA,CBE_CONTROL_102_pos_8:A>G,0.6745679974555969
CBE_CONTROL_103_pos,CCATTCCGTAAGGGCTTGGA,TCGGTGCTTTTTTTTTATCCCCATTCCGTAAGGGCTTGGAGTAAAGGGCA,CBE_CONTROL_103_pos_10:A>G,0.6495682597160339
CBE_CONTROL_104_pos,CTTTCAATTGCAAAAATAC,CGGTGCTTTTTTTAAAGCAGCTTTCAATTGCAAAAATACATACAGCGTAA,CBE_CONTROL_104_pos_6:A>G,0.41883334517478943
CBE_CONTROL_105_pos,CCTAACCCCTGGCCAGGAAG,TCGGTGCTTTTTTTATCTCTCCTAACCCCTGGCCAGGAAGAGTGCCTCAA,CBE_CONTROL_105_pos_4:A>G,0.5061126947402954
CBE_CONTROL_106_pos,TTTCGCCCAAGAGGCTTGGG,TCGGTGCTTTTTTTTGTATGTTTCGCCCAAGAGGCTTGGGGACTTAATGC,CBE_CONTROL_106_pos_9:A>G,0.4036988317966461
CBE_CONTROL_107_pos,CTAGCCGCCCAGATCGAGCC,TCGGTGCTTTTTTTCGATGTCTAGCCGCCCAGATCGAGCCCCCAAGTGGG,CBE_CONTROL_107_pos_3:A>G,0.3056667149066925
CBE_CONTROL_108_pos,CGATGCCCGTCTATGGCCCG,TCGGTGCTTTTTTTCCCAATCGATGCCCGTCTATGGCCCGAGCCGAGGTC,CBE_CONTROL_108_pos_3:A>G,0.709161102771759
CBE_CONTROL_109_pos,CGGGCAGAACGACCCTGAC,CGGTGCTTTTTTTGTCAAGGCGGGCAGAACGACCCTGACCTGCTTCGCCA,CBE_CONTROL_109_pos_6:A>G,0.33595457673072815
CBE_CONTROL_110_pos,TTGTCCGTGACCCTGATTAA,TCGGTGCTTTTTTTCCCCAATTGTCCGTGACCCTGATTAACTCAGCAAGG,CBE_CONTROL_110_pos_10:A>G,0.8646103739738464
CBE_CONTROL_111_pos,TGCCCCACCCCAGTGCTCAG,TCGGTGCTTTTTTTAAATTATGCCCCACCCCAGTGCTCAGCGGTAGCTCG,CBE_CONTROL_111_pos_7:A>G,0.913757860660553
CBE_CONTROL_112_pos,GTCCCTCTGGCTGGGTTAA,CGGTGCTTTTTTTCAAAAAGGTCCCTCTGGCTGGGTTAATGATTAGACTA,CBE_CONTROL_112_pos_-1:A>G,0.09490074217319489
CBE_CONTROL_113_pos,TAAGGCGACCTGCGCTTGTG,TCGGTGCTTTTTTTGAAGACTAAGGCGACCTGCGCTTGTGCTTCAATCGT,CBE_CONTROL_113_pos_8:A>G,0.6746286749839783
CBE_CONTROL_114_pos,AGATTCATTCACGAGTTGGG,TCGGTGCTTTTTTTTCAAGAAGATTCATTCACGAGTTGGGAGATTCCTTT,CBE_CONTROL_114_pos_7:A>G,0.4023861587047577
CBE_CONTROL_115_pos,TTACCTGCTACGAAAACGA,CGGTGCTTTTTTTAGAGTGGTTACCTGCTACGAAAACGAGAACCAGCAGA,"CBE_CONTROL_115_pos_3:A>G,10:A>G",0.35657012462615967
CBE_CONTROL_116_pos,AAAATCGATGGGCTGAATCT,TCGGTGCTTTTTTTCTCTCCAAAATCGATGGGCTGAATCTCAGCTCTCAG,CBE_CONTROL_116_pos_8:A>G,0.4062434136867523
CBE_CONTROL_117_pos,CCGCGCATTTCAGAGCACAA,TCGGTGCTTTTTTTGAGCAACCGCGCATTTCAGAGCACAATGGATAATCC,CBE_CONTROL_117_pos_7:A>G,0.9285402894020081
CBE_CONTROL_118_pos,TCTGGCTTGACACGACCGTT,TCGGTGCTTTTTTTGACCCGTCTGGCTTGACACGACCGTTAGATGTCCAC,CBE_CONTROL_118_pos_10:A>G,0.7303667068481445
CBE_CONTROL_119_pos,TAAACCCTTGGCGCCCTCAC,TCGGTGCTTTTTTTAAACAATAAACCCTTGGCGCCCTCACATAGTTGCTT,CBE_CONTROL_119_pos_4:A>G,0.5294276475906372
CBE_CONTROL_120_pos,CCTCTCACCGACTCTGTGTC,TCGGTGCTTTTTTTACGGCCCCTCTCACCGACTCTGTGTCCTGATATTGA,CBE_CONTROL_120_pos_7:A>G,0.9216592907905579
CBE_CONTROL_121_pos,ATACGCATGATTGCAAGAGG,TCGGTGCTTTTTTTCAAACGATACGCATGATTGCAAGAGGGCAGGGATTA,CBE_CONTROL_121_pos_7:A>G,0.5407400131225586
CBE_CONTROL_122_pos,CGGTGCTGTGAAAGCCGAGC,TCGGTGCTTTTTTTAAGACGCGGTGCTGTGAAAGCCGAGCGTCACCCGAG,CBE_CONTROL_122_pos_11:A>G,0.36627164483070374
CBE_CONTROL_123_pos,CTCGCAAGTATTTAAGGAC,CGGTGCTTTTTTTAGTGACGCTCGCAAGTATTTAAGGACTGCGGGGGAAA,CBE_CONTROL_123_pos_10:A>G,0.38511139154434204
CBE_CONTROL_124_pos,ACGCTCAGCACCCGCTATGC,TCGGTGCTTTTTTTATAGACACGCTCAGCACCCGCTATGCATACATATTG,CBE_CONTROL_124_pos_7:A>G,0.7058038711547852
CBE_CONTROL_125_pos,AAATACAAGCTATAGCGATA,TCGGTGCTTTTTTTATGATAAAATACAAGCTATAGCGATACTTCCCCCCT,CBE_CONTROL_125_pos_5:A>G,0.3459896147251129
CBE_CONTROL_126_pos,AGGACCTTAAGGTGACATG,CGGTGCTTTTTTTGGTATAGAGGACCTTAAGGTGACATGTCCTCACTGTA,CBE_CONTROL_126_pos_4:A>G,0.5582188367843628
CBE_CONTROL_127_pos,AGCTGCGCGCTACTGGATCA,TCGGTGCTTTTTTTACATGGAGCTGCGCGCTACTGGATCATTTATTAGCC,CBE_CONTROL_127_pos_12:A>G,0.8199707865715027
CBE_CONTROL_128_pos,CCTGTCGCTATCGTTAGAGA,TCGGTGCTTTTTTTGGCCACCCTGTCGCTATCGTTAGAGAGCCGCCACTT,CBE_CONTROL_128_pos_10:A>G,0.9635783433914185
CBE_CONTROL_129_pos,CTCAACCGACCGTATGGTCA,TCGGTGCTTTTTTTTGGAAGCTCAACCGACCGTATGGTCATGACTTGTAC,CBE_CONTROL_129_pos_5:A>G,0.29858526587486267
CBE_CONTROL_130_pos,TAGTACATGTGTGGTATTTA,TCGGTGCTTTTTTTGAATATTAGTACATGTGTGGTATTTAATCGGGCTCA,"CBE_CONTROL_130_pos_5:A>G,7:A>G",0.3535836637020111
CBE_CONTROL_131_pos,AGTACCCCTAGGTATGGGGA,TCGGTGCTTTTTTTAGTCGAAGTACCCCTAGGTATGGGGACTAGGAATCT,CBE_CONTROL_131_pos_4:A>G,0.44276168942451477
CBE_CONTROL_132_pos,CAACACCCCGCGTTATGCTA,TCGGTGCTTTTTTTTCAGGTCAACACCCCGCGTTATGCTAGGACTCAACT,CBE_CONTROL_132_pos_5:A>G,0.5581456422805786
CBE_CONTROL_133_pos,AGAGCGTTAGCGTGGGATG,CGGTGCTTTTTTTGTTCGAGAGAGCGTTAGCGTGGGATGTTAAGTTATGA,CBE_CONTROL_133_pos_3:A>G,0.41402649879455566
CBE_CONTROL_134_pos,TAATGCTGCACACGCCGAAT,TCGGTGCTTTTTTTTACCATTAATGCTGCACACGCCGAATTCCCTAGACC,CBE_CONTROL_134_pos_10:A>G,0.5392537713050842
CBE_CONTROL_135_pos,CACTGCAGTATTCGTGGCCT,TCGGTGCTTTTTTTGTTCCCCACTGCAGTATTCGTGGCCTTATTGCTTAC,CBE_CONTROL_135_pos_7:A>G,0.610442578792572
CBE_CONTROL_136_pos,GAATCCGGAGCTCATGAGG,CGGTGCTTTTTTTTGGGGTGGAATCCGGAGCTCATGAGGTGCTCGTCTGA,CBE_CONTROL_136_pos_9:A>G,0.41418400406837463
CBE_CONTROL_137_pos,GGCGCTAAGATATATGCCC,CGGTGCTTTTTTTTACACAGGGCGCTAAGATATATGCCCCATCACAAGTA,CBE_CONTROL_137_pos_7:A>G,0.5857950448989868
CBE_CONTROL_138_pos,ATAGCCGCCGCTCATTACTT,TCGGTGCTTTTTTTCACCCAATAGCCGCCGCTCATTACTTAACGGACTAC,CBE_CONTROL_138_pos_3:A>G,0.7456584572792053
CBE_CONTROL_139_pos,CTCGACAGTTCGTCCCGAGC,TCGGTGCTTTTTTTAGGTTTCTCGACAGTTCGTCCCGAGCTAGCTACCTT,CBE_CONTROL_139_pos_7:A>G,0.5888786911964417
CBE_CONTROL_140_pos,GATACCTGGGCCGACTTTC,CGGTGCTTTTTTTGTGCTAGGATACCTGGGCCGACTTTCTTGCCTATCGA,CBE_CONTROL_140_pos_4:A>G,0.892239511013031
CBE_CONTROL_141_pos,CTGGCCGAATCTCACTATGT,TCGGTGCTTTTTTTGTCAGTCTGGCCGAATCTCACTATGTACCCCGTATA,CBE_CONTROL_141_pos_8:A>G,0.5771855711936951
CBE_CONTROL_142_pos,ACAGCCCTCACGAGCCCGAA,TCGGTGCTTTTTTTAAAAAGACAGCCCTCACGAGCCCGAAAGCGTGTGAA,CBE_CONTROL_142_pos_10:A>G,0.4600479006767273
CBE_CONTROL_143_pos,GTCTCTGTACGGGCCGCCC,CGGTGCTTTTTTTAGTTCTGGTCTCTGTACGGGCCGCCCCCTTGAAGGTA,CBE_CONTROL_143_pos_9:A>G,0.9890984892845154
CBE_CONTROL_144_pos,TATAGCTGTTTCGAAGGCGC,TCGGTGCTTTTTTTTCTGTCTATAGCTGTTTCGAAGGCGCGGATCGGTGT,CBE_CONTROL_144_pos_4:A>G,0.7489311695098877
CBE_CONTROL_145_pos,TGCCGCTATACTAAAACCTT,TCGGTGCTTTTTTTACGTGCTGCCGCTATACTAAAACCTTGCGGGCTTAG,CBE_CONTROL_145_pos_8:A>G,0.49172353744506836
CBE_CONTROL_146_pos,ATTAGCACGGCGACCTTCTA,TCGGTGCTTTTTTTCGCATGATTAGCACGGCGACCTTCTAAAGCGTGCCC,CBE_CONTROL_146_pos_4:A>G,0.356431782245636
CBE_CONTROL_147_pos,TTCGCTTCGTAACGAGGAA,CGGTGCTTTTTTTTCGTCCGTTCGCTTCGTAACGAGGAACAAAATTCTAA,CBE_CONTROL_147_pos_11:A>G,0.414236456155777
CBE_CONTROL_148_pos,CAAACCCGAGTGACACGTC,CGGTGCTTTTTTTGCAGGCGCAAACCCGAGTGACACGTCCACCAGTAGAA,CBE_CONTROL_148_pos_4:A>G,0.529556155204773
CBE_CONTROL_149_pos,TAGTCCTTAGGGTGGGCTGA,TCGGTGCTTTTTTTGTGGGGTAGTCCTTAGGGTGGGCTGATGGGGGGAGT,CBE_CONTROL_149_pos_9:A>G,0.8302688598632812
CBE_CONTROL_150_pos,CTTACCCCTATTATAATGAA,TCGGTGCTTTTTTTGGAGCTCTTACCCCTATTATAATGAAGGGGCGTTGG,CBE_CONTROL_150_pos_4:A>G,0.3910297155380249
CBE_CONTROL_21_pos,CGTATCTCTGCATAAAAGTG,TCGGTGCTTTTTTTTCGGGTCGTATCTCTGCATAAAAGTGCCGCGGGCCA,CBE_CONTROL_21_pos_4:A>G,0.5543796420097351
CBE_CONTROL_22_pos,CAAAACGAGATCGAGAAAGG,TCGGTGCTTTTTTTTTATTACAAAACGAGATCGAGAAAGGTAGCGTTGAC,CBE_CONTROL_22_pos_5:A>G,0.37645190954208374
CBE_CONTROL_23_pos,ACCTCTCACCGACTCTGTG,CGGTGCTTTTTTTGCTGCTGACCTCTCACCGACTCTGTGTCCTCTAAACA,CBE_CONTROL_23_pos_8:A>G,0.7894669771194458
CBE_CONTROL_24_pos,ATCATCATAAATGTACAACG,TCGGTGCTTTTTTTGTCGCTATCATCATAAATGTACAACGGGTAGAGGAT,CBE_CONTROL_24_pos_7:A>G,0.2903274595737457
CBE_CONTROL_25_pos,TTCTTCCTGCGTGGCTTTAA,TCGGTGCTTTTTTTGGCACCTTCTTCCTGCGTGGCTTTAAACGGTCCAGC,CBE_CONTROL_25_pos_-2:A>G,0.13628855347633362
CBE_CONTROL_26_pos,AAATACCAGATGCGTCCGCT,TCGGTGCTTTTTTTGCCTGGAAATACCAGATGCGTCCGCTTGAGGATTTT,CBE_CONTROL_26_pos_5:A>G,0.6064085960388184
CBE_CONTROL_27_pos,CTTGTCTTTAAACACGCCAT,TCGGTGCTTTTTTTGGAATACTTGTCTTTAAACACGCCATCGATTAGTCC,CBE_CONTROL_27_pos_10:A>G,0.6132993698120117
CBE_CONTROL_28_pos,TATTCAGCGCGCTCGCCCT,CGGTGCTTTTTTTGCGCCCGTATTCAGCGCGCTCGCCCTGGATTGAACCA,CBE_CONTROL_28_pos_6:A>G,0.6152141094207764
CBE_CONTROL_29_pos,GCGTCCCTTCGTCTCTGCT,CGGTGCTTTTTTTCTGGAAGGCGTCCCTTCGTCTCTGCTTACTTCAGCAA,CBE_CONTROL_29_pos_6:C>T,0.10620623081922531
CBE_CONTROL_30_pos,ACGACGCTAGGTAACGTAG,CGGTGCTTTTTTTGTAAGTGACGACGCTAGGTAACGTAGAGCAGGATTCA,CBE_CONTROL_30_pos_4:A>G,0.4022373855113983
CBE_CONTROL_31_pos,CCTTCTAGCTGGTTCATTG,CGGTGCTTTTTTTTAATATGCCTTCTAGCTGGTTCATTGCTTCTCTACAA,CBE_CONTROL_31_pos_7:A>G,0.9687454104423523
CBE_CONTROL_32_pos,GCGTCGGGTAGCTATTTCT,CGGTGCTTTTTTTGCTGCTGGCGTCGGGTAGCTATTTCTTTCTAATGCGA,CBE_CONTROL_32_pos_10:A>G,0.8925102949142456
CBE_CONTROL_33_pos,CTCAACACCCCGCGTTATGC,TCGGTGCTTTTTTTTGCGCGCTCAACACCCCGCGTTATGCTAGGATGTTG,CBE_CONTROL_33_pos_7:A>G,0.5840426087379456
CBE_CONTROL_34_pos,CCTGCCGCTATACTAAAACC,TCGGTGCTTTTTTTTGGATCCCTGCCGCTATACTAAAACCTTTTCCTCCA,CBE_CONTROL_34_pos_10:A>G,0.6438998579978943
CBE_CONTROL_35_pos,AATTTCGTGCCGATGTAACA,TCGGTGCTTTTTTTGTCATTAATTTCGTGCCGATGTAACACATTCAGCAT,CBE_CONTROL_35_pos_2:A>G,0.42985475063323975
CBE_CONTROL_36_pos,CCACCCTTATATTCAGTAA,CGGTGCTTTTTTTGATGCAGCCACCCTTATATTCAGTAACTAGAGCGTTA,CBE_CONTROL_36_pos_9:A>G,0.2867295444011688
CBE_CONTROL_37_pos,TCTGACTAGCTCTTACATAT,TCGGTGCTTTTTTTTGTTGCTCTGACTAGCTCTTACATATTCTCCCGCGC,CBE_CONTROL_37_pos_5:A>G,0.5201585292816162
CBE_CONTROL_38_pos,TCTGCCTCTCCCTTACCCGG,TCGGTGCTTTTTTTGATAGATCTGCCTCTCCCTTACCCGGACCTTCAGTT,CBE_CONTROL_38_pos_15:A>G,0.8786975145339966
CBE_CONTROL_39_pos,TACAGCGCCGAAACTCTTTC,TCGGTGCTTTTTTTGAGCTGTACAGCGCCGAAACTCTTTCCGAGTGCAGG,CBE_CONTROL_39_pos_4:A>G,0.476786345243454
CBE_CONTROL_40_pos,TATCGCGCTTGGGTTATACG,TCGGTGCTTTTTTTGAAAAATATCGCGCTTGGGTTATACGCTCCAATACC,CBE_CONTROL_40_pos_2:A>G,0.7886204123497009
CBE_CONTROL_96_pos,ATTAGCCGTTGCCATATCAA,TCGGTGCTTTTTTTTCCGTTATTAGCCGTTGCCATATCAAATGAGAGCTC,CBE_CONTROL_96_pos_4:A>G,0.6527597904205322
CBE_CONTROL_97_pos,GTCCCTCAGGGTGCAACTT,CGGTGCTTTTTTTTCTAAGGGTCCCTCAGGGTGCAACTTTGGTACAGAAA,CBE_CONTROL_97_pos_8:A>G,0.9408840537071228
CBE_CONTROL_98_pos,TCCTCATCCGGTCAGGCTG,CGGTGCTTTTTTTGTGAAAGTCCTCATCCGGTCAGGCTGGTGTTAGAGCA,CBE_CONTROL_98_pos_6:A>G,0.9681687951087952
CBE_CONTROL_99_pos,TAACGCGCATATCTGAACAC,TCGGTGCTTTTTTTCTAAGGTAACGCGCATATCTGAACACTGCAATAAGA,CBE_CONTROL_99_pos_9:A>G,0.30284759402275085
